name,publisher,sourceUrl,releaseDate,accessType,license,inferenceSupport,source,country,modelSize,capabilities,lastUpdated\n"Llama 2","Meta","https://github.com/facebookresearch/llama","2023-07-18","Open Source","Custom","CPU/GPU","Fallback Data","US","Unknown",Text Generation,"2025-07-11T03:14:50.774Z"\n"GPT4All","Nomic AI","https://github.com/nomic-ai/gpt4all","2023-03-27","Open Source","MIT","CPU","Fallback Data","Unknown","Unknown",Text Generation,"2025-07-11T03:14:50.775Z"\n"Vicuna","LMSYS","https://github.com/lm-sys/FastChat","2023-03-30","Open Source","Apache 2.0","CPU/GPU","Fallback Data","Unknown","Unknown",Text Generation,"2025-07-11T03:14:50.776Z"\n"Alpaca","Stanford","https://github.com/tatsu-lab/stanford_alpaca","2023-03-13","Open Source","Apache 2.0","CPU/GPU","Fallback Data","Unknown","Unknown",Text Generation,"2025-07-11T03:14:50.776Z"\n"Code Llama","Meta","https://github.com/facebookresearch/codellama","2023-08-24","Open Source","Custom","CPU/GPU","Fallback Data","US","Unknown",Code Generation,"2025-07-11T03:14:50.776Z"\n"ai-etf-signals","kevinchwong","https://github.com/kevinchwong/ai-etf-signals","2025-06-17T04:36:46Z","Open Source","MIT License","CPU/GPU","GitHub","Unknown","Unknown",Text Generation,"2025-07-11T03:14:50.776Z"\n"kalavai-client","kalavai-net","https://github.com/kalavai-net/kalavai-client","2023-08-24T12:33:22Z","Open Source","Apache License 2.0","CPU/GPU","GitHub","Unknown","Unknown",Text Generation,"2025-07-11T03:14:50.776Z"\n"WebAI-to-API","Amm1rr","https://github.com/Amm1rr/WebAI-to-API","2023-07-22T21:06:30Z","Open Source","MIT License","CPU/GPU","GitHub","Unknown","Unknown",Text Generation,"2025-07-11T03:14:50.776Z"\n"CryptoMind","Luiz-Trindade","https://github.com/Luiz-Trindade/CryptoMind","2025-03-30T17:17:20Z","Open Source","GNU General Public License v3.0","CPU/GPU","GitHub","Unknown","Unknown",Text Generation,"2025-07-11T03:14:50.776Z"\n"AI-TUI","Username0103","https://github.com/Username0103/AI-TUI","2025-04-19T15:00:44Z","Open Source","MIT License","CPU/GPU","GitHub","Unknown","Unknown",Text Generation,"2025-07-11T03:14:50.776Z"\n"code-collector","trudov","https://github.com/trudov/code-collector","2025-04-14T07:47:14Z","Open Source","Unknown","CPU/GPU","GitHub","Unknown","Unknown",Code Generation,"2025-07-11T03:14:50.776Z"\n"DeepSeek-R1-chatbot","jaimealruiz","https://github.com/jaimealruiz/DeepSeek-R1-chatbot","2025-02-08T22:32:27Z","Open Source","MIT License","CPU/GPU","GitHub","Unknown","Unknown",Conversational,"2025-07-11T03:14:50.776Z"\n"Open-Source-LLM-on-qualitative-and-quantitative-data","chenliseu","https://github.com/chenliseu/Open-Source-LLM-on-qualitative-and-quantitative-data","2024-09-21T14:37:45Z","Open Source","Unknown","CPU/GPU","GitHub","Unknown","Unknown",Text Generation,"2025-07-11T03:14:50.777Z"\n"tlg-chatbot-render","mitumh3","https://github.com/mitumh3/tlg-chatbot-render","2023-03-10T09:13:46Z","Open Source","MIT License","CPU/GPU","GitHub","Unknown","Unknown",Conversational,"2025-07-11T03:14:50.777Z"\n"LipiPala","dearabhin","https://github.com/dearabhin/LipiPala","2025-02-28T17:13:14Z","Open Source","MIT License","CPU/GPU","GitHub","Unknown","Unknown",Text Generation,"2025-07-11T03:14:50.777Z"\n"reflectlm","LunaStev","https://github.com/LunaStev/reflectlm","2025-05-23T12:04:31Z","Open Source","Mozilla Public License 2.0","CPU/GPU","GitHub","Unknown","Unknown",Text Generation,"2025-07-11T03:14:50.777Z"\n"DialogStudio","salesforce","https://github.com/salesforce/DialogStudio","2023-06-06T04:20:39Z","Open Source","Apache License 2.0","CPU/GPU","GitHub","Unknown","Unknown",Text Generation,"2025-07-11T03:14:50.777Z"\n"likhon-3.5","nectariferous","https://github.com/nectariferous/likhon-3.5","2024-07-10T23:01:02Z","Open Source","MIT License","CPU/GPU","GitHub","Unknown","Unknown",Text Generation,"2025-07-11T03:14:50.777Z"\n"DiscordLLM","boshyxd","https://github.com/boshyxd/DiscordLLM","2024-06-23T03:29:06Z","Open Source","MIT License","CPU/GPU","GitHub","Unknown","Unknown",Text Generation,"2025-07-11T03:14:50.777Z"\n"chatgpt-prompt-splitter","jupediaz","https://github.com/jupediaz/chatgpt-prompt-splitter","2023-03-16T04:56:28Z","Open Source","MIT License","CPU/GPU","GitHub","Unknown","Unknown",Conversational,"2025-07-11T03:14:50.777Z"\n"ChatGPT-Mobile","slxmmy999","https://github.com/slxmmy999/ChatGPT-Mobile","2023-05-17T05:26:22Z","Open Source","Unknown","CPU/GPU","GitHub","Unknown","Unknown",Conversational,"2025-07-11T03:14:50.777Z"\n"LLaMa-Language-Model-Repository","ariankharazmi","https://github.com/ariankharazmi/LLaMa-Language-Model-Repository","2023-03-15T20:57:37Z","Open Source","Unknown","CPU/GPU","GitHub","Unknown","Unknown",Text Generation,"2025-07-11T03:14:50.777Z"\n"torchKbert","KKenny0","https://github.com/KKenny0/torchKbert","2021-03-03T01:31:21Z","Open Source","Apache License 2.0","CPU/GPU","GitHub","Unknown","Unknown",Text Generation,"2025-07-11T03:14:50.777Z"\n"mradermacher/Clinician-Note-2.0a-GGUF","mradermacher","https://huggingface.co/mradermacher/Clinician-Note-2.0a-GGUF","2025-07-11T03:13:37.000Z","Open Source","Unknown","API/CPU/GPU","Hugging Face","US","Unknown",Text Generation,"2025-07-11T03:14:50.778Z"\n"mradermacher/competition-math-phinetune-v1-1-GGUF","mradermacher","https://huggingface.co/mradermacher/competition-math-phinetune-v1-1-GGUF","2025-07-11T03:12:38.000Z","Open Source","Unknown","API/CPU/GPU","Hugging Face","US","Unknown",Text Generation,"2025-07-11T03:14:50.779Z"\n"mradermacher/competition-math-phinetune-v1-1-i1-GGUF","mradermacher","https://huggingface.co/mradermacher/competition-math-phinetune-v1-1-i1-GGUF","2025-07-11T03:12:07.000Z","Open Source","Unknown","API/CPU/GPU","Hugging Face","US","Unknown",Text Generation,"2025-07-11T03:14:50.779Z"\n"SaminSkyfall/sft_full_1.7","SaminSkyfall","https://huggingface.co/SaminSkyfall/sft_full_1.7","2025-07-11T03:12:07.000Z","Open Source","Unknown","API/CPU/GPU","Hugging Face","US","Unknown",Text Generation,"2025-07-11T03:14:50.779Z"\n"mradermacher/competition-math-phinetune-v1-GGUF","mradermacher","https://huggingface.co/mradermacher/competition-math-phinetune-v1-GGUF","2025-07-11T03:11:56.000Z","Open Source","Unknown","API/CPU/GPU","Hugging Face","US","Unknown",Text Generation,"2025-07-11T03:14:50.779Z"\n"mradermacher/competition-math-phinetune-v1-i1-GGUF","mradermacher","https://huggingface.co/mradermacher/competition-math-phinetune-v1-i1-GGUF","2025-07-11T03:11:46.000Z","Open Source","Unknown","API/CPU/GPU","Hugging Face","US","Unknown",Text Generation,"2025-07-11T03:14:50.779Z"\n"Impact of Pretraining Word Co-occurrence on Compositional Generalization
  in Multimodal Models","Helen Qu, Sang Michael Xie","http://arxiv.org/abs/2507.08000v1","2025-07-10T17:59:59Z","Research Paper","Academic Use","Unknown","arXiv","Unknown","Unknown",Multimodal,"2025-07-11T03:14:50.781Z"\n"Traceable Evidence Enhanced Visual Grounded Reasoning: Evaluation and
  Methodology","Haochen Wang, Xiangtai Li, Zilong Huang, Anran Wang, Jiacong Wang, Tao Zhang, Jiani Zheng, Sule Bai, Zijian Kang, Jiashi Feng, Zhuochen Wang, Zhaoxiang Zhang","http://arxiv.org/abs/2507.07999v1","2025-07-10T17:59:58Z","Research Paper","Academic Use","Unknown","arXiv","Unknown","Unknown",Text Generation,"2025-07-11T03:14:50.781Z"\n"PyVision: Agentic Vision with Dynamic Tooling","Shitian Zhao, Haoquan Zhang, Shaoheng Lin, Ming Li, Qilong Wu, Kaipeng Zhang, Chen Wei","http://arxiv.org/abs/2507.07998v1","2025-07-10T17:59:55Z","Research Paper","Academic Use","Unknown","arXiv","Unknown","Unknown",Vision,"2025-07-11T03:14:50.781Z"\n"MGVQ: Could VQ-VAE Beat VAE? A Generalizable Tokenizer with Multi-group
  Quantization","Mingkai Jia, Wei Yin, Xiaotao Hu, Jiaxin Guo, Xiaoyang Guo, Qian Zhang, Xiao-Xiao Long, Ping Tan","http://arxiv.org/abs/2507.07997v1","2025-07-10T17:59:54Z","Research Paper","Academic Use","Unknown","arXiv","Unknown","Unknown",Text Generation,"2025-07-11T03:14:50.781Z"\n"Skip a Layer or Loop it? Test-Time Depth Adaptation of Pretrained LLMs","Ziyue Li, Yang Li, Tianyi Zhou","http://arxiv.org/abs/2507.07996v1","2025-07-10T17:59:53Z","Research Paper","Academic Use","Unknown","arXiv","Unknown","Unknown",Text Generation,"2025-07-11T03:14:50.781Z"\n"Multigranular Evaluation for Brain Visual Decoding","Weihao Xia, Cengiz Oztireli","http://arxiv.org/abs/2507.07993v1","2025-07-10T17:59:24Z","Research Paper","Academic Use","Unknown","arXiv","Unknown","Unknown",Text Generation,"2025-07-11T03:14:50.781Z"\n"Baryonification II: Constraining feedback with X-ray and kinematic
  Sunyaev-Zel'dovich observations","Michael Kovač, Andrina Nicola, Jozef Bucko, Aurel Schneider, Robert Reischke, Sambit K. Giri, Romain Teyssier, Matthieu Schaller, Joop Schaye","http://arxiv.org/abs/2507.07991v1","2025-07-10T17:59:06Z","Research Paper","Academic Use","Unknown","arXiv","Unknown","Unknown",Text Generation,"2025-07-11T03:14:50.781Z"\n"Multi-Granular Spatio-Temporal Token Merging for Training-Free
  Acceleration of Video LLMs","Jeongseok Hyun, Sukjun Hwang, Su Ho Han, Taeoh Kim, Inwoong Lee, Dongyoon Wee, Joon-Young Lee, Seon Joo Kim, Minho Shim","http://arxiv.org/abs/2507.07990v1","2025-07-10T17:59:02Z","Research Paper","Academic Use","Unknown","arXiv","Unknown","Unknown",Text Generation,"2025-07-11T03:14:50.781Z"\n"Automating Expert-Level Medical Reasoning Evaluation of Large Language
  Models","Shuang Zhou, Wenya Xie, Jiaxi Li, Zaifu Zhan, Meijia Song, Han Yang, Cheyenna Espinoza, Lindsay Welton, Xinnie Mai, Yanwei Jin, Zidu Xu, Yuen-Hei Chung, Yiyun Xing, Meng-Han Tsai, Emma Schaffer, Yucheng Shi, Ninghao Liu, Zirui Liu, Rui Zhang","http://arxiv.org/abs/2507.07988v1","2025-07-10T17:58:26Z","Research Paper","Academic Use","Unknown","arXiv","Unknown","Unknown",Text Generation,"2025-07-11T03:14:50.781Z"\n"Purcell enhancement of photogalvanic currents in a van der Waals
  plasmonic self-cavity","Xinyu Li, Jesse Hagelstein, Gunda Kipp, Felix Sturm, Kateryna Kusyak, Yunfei Huang, Benedikt F. Schulte, Alexander M. Potts, Jonathan Stensberg, Victoria Quirós-Cordero, Chiara Trovatello, Zhi Hao Peng, Chaowei Hu, Jonathan M. DeStefano, Michael Fechner, Takashi Taniguchi, Kenji Watanabe, P. James Schuck, Xiaodong Xu, Jiun-Haw Chu, Xiaoyang Zhu, Angel Rubio, Marios H. Michael, Matthew W. Day, Hope M. Bretscher, James W. McIver","http://arxiv.org/abs/2507.07987v1","2025-07-10T17:58:15Z","Research Paper","Academic Use","Unknown","arXiv","Unknown","Unknown",Text Generation,"2025-07-11T03:14:50.781Z"\n"CLIP Won't Learn Object-Attribute Binding from Natural Data and Here is
  Why","Bijay Gurung, David T. Hoffmann, Thomas Brox","http://arxiv.org/abs/2507.07985v1","2025-07-10T17:57:31Z","Research Paper","Academic Use","Unknown","arXiv","Unknown","Unknown",Text Generation,"2025-07-11T03:14:50.781Z"\n"OST-Bench: Evaluating the Capabilities of MLLMs in Online
  Spatio-temporal Scene Understanding","JingLi Lin, Chenming Zhu, Runsen Xu, Xiaohan Mao, Xihui Liu, Tai Wang, Jiangmiao Pang","http://arxiv.org/abs/2507.07984v1","2025-07-10T17:56:07Z","Research Paper","Academic Use","Unknown","arXiv","Unknown","Unknown",Text Generation,"2025-07-11T03:14:50.781Z"\n"Performance and Practical Considerations of Large and Small Language
  Models in Clinical Decision Support in Rheumatology","Sabine Felde, Rüdiger Buchkremer, Gamal Chehab, Christian Thielscher, Jörg HW Distler, Matthias Schneider, Jutta G. Richter","http://arxiv.org/abs/2507.07983v1","2025-07-10T17:56:03Z","Research Paper","Academic Use","Unknown","arXiv","Unknown","Unknown",Text Generation,"2025-07-11T03:14:50.781Z"\n"Geometry Forcing: Marrying Video Diffusion and 3D Representation for
  Consistent World Modeling","Haoyu Wu, Diankun Wu, Tianyu He, Junliang Guo, Yang Ye, Yueqi Duan, Jiang Bian","http://arxiv.org/abs/2507.07982v1","2025-07-10T17:55:08Z","Research Paper","Academic Use","Unknown","arXiv","Unknown","Unknown",Text Generation,"2025-07-11T03:14:50.781Z"\n"Why is Your Language Model a Poor Implicit Reward Model?","Noam Razin, Yong Lin, Jiarui Yao, Sanjeev Arora","http://arxiv.org/abs/2507.07981v1","2025-07-10T17:55:05Z","Research Paper","Academic Use","Unknown","arXiv","Unknown","Unknown",Text Generation,"2025-07-11T03:14:50.781Z"\n"A Service Architecture for Dataspaces","Benedikt T. Arnold, Christoph Lange, Christina Gillmann, Stefan Decker","http://arxiv.org/abs/2507.07979v1","2025-07-10T17:54:40Z","Research Paper","Academic Use","Unknown","arXiv","Unknown","Unknown",Text Generation,"2025-07-11T03:14:50.781Z"\n"Martian World Models: Controllable Video Synthesis with Physically
  Accurate 3D Reconstructions","Longfei Li, Zhiwen Fan, Wenyan Cong, Xinhang Liu, Yuyang Yin, Matt Foutter, Panwang Pan, Chenyu You, Yue Wang, Zhangyang Wang, Yao Zhao, Marco Pavone, Yunchao Wei","http://arxiv.org/abs/2507.07978v1","2025-07-10T17:54:27Z","Research Paper","Academic Use","Unknown","arXiv","Unknown","Unknown",Text Generation,"2025-07-11T03:14:50.782Z"\n"From spatial to null infinity: Connecting initial data to peeling","Berend Schneider, Neev Khera","http://arxiv.org/abs/2507.07977v1","2025-07-10T17:54:16Z","Research Paper","Academic Use","Unknown","arXiv","Unknown","Unknown",Text Generation,"2025-07-11T03:14:50.782Z"\n"Defending Against Prompt Injection With a Few DefensiveTokens","Sizhe Chen, Yizhu Wang, Nicholas Carlini, Chawin Sitawarin, David Wagner","http://arxiv.org/abs/2507.07974v1","2025-07-10T17:51:05Z","Research Paper","Academic Use","Unknown","arXiv","Unknown","Unknown",Text Generation,"2025-07-11T03:14:50.782Z"\n"Multiple Axions Save High-Scale Inflation","Dan Kondo, Hitoshi Murayama","http://arxiv.org/abs/2507.07973v1","2025-07-10T17:50:53Z","Research Paper","Academic Use","Unknown","arXiv","Unknown","Unknown",Text Generation,"2025-07-11T03:14:50.782Z"\n"EinHops: Einsum Notation for Expressive Homomorphic Operations on
  RNS-CKKS Tensors","Karthik Garimella, Austin Ebel, Brandon Reagen","http://arxiv.org/abs/2507.07972v1","2025-07-10T17:50:10Z","Research Paper","Academic Use","Unknown","arXiv","Unknown","Unknown",Text Generation,"2025-07-11T03:14:50.782Z"\n"Dynamic Chunking for End-to-End Hierarchical Sequence Modeling","Sukjun Hwang, Brandon Wang, Albert Gu","http://arxiv.org/abs/2507.07955v1","2025-07-10T17:39:37Z","Research Paper","Academic Use","Unknown","arXiv","Unknown","Unknown",Text Generation,"2025-07-11T03:14:50.782Z"\n"Input Conditioned Layer Dropping in Speech Foundation Models","Abdul Hannan, Daniele Falavigna, Alessio Brutti","http://arxiv.org/abs/2507.07954v1","2025-07-10T17:39:03Z","Research Paper","Academic Use","Unknown","arXiv","Unknown","Unknown",Text Generation,"2025-07-11T03:14:50.782Z"\n"Constructing Optimal Kobon Triangle Arrangements via Table Encoding, SAT
  Solving, and Heuristic Straightening","Pavlo Savchuk","http://arxiv.org/abs/2507.07951v1","2025-07-10T17:36:32Z","Research Paper","Academic Use","Unknown","arXiv","Unknown","Unknown",Text Generation,"2025-07-11T03:14:50.782Z"\n"Physics-Informed Gaussian Process Inference of Liquid Structure from
  Scattering Data","Harry W. Sullivan, Brennon L. Shanks, Matej Cervenka, Michael P. Hoepfner","http://arxiv.org/abs/2507.07948v1","2025-07-10T17:33:28Z","Research Paper","Academic Use","Unknown","arXiv","Unknown","Unknown",Text Generation,"2025-07-11T03:14:50.782Z"\n"Multimodal Framework for Explainable Autonomous Driving: Integrating
  Video, Sensor, and Textual Data for Enhanced Decision-Making and Transparency","Abolfazl Zarghani, Amirhossein Ebrahimi, Amir Malekesfandiari","http://arxiv.org/abs/2507.07938v1","2025-07-10T17:21:35Z","Research Paper","Academic Use","Unknown","arXiv","Unknown","Unknown",Multimodal,"2025-07-11T03:14:50.782Z"\n"Towards Continuous Home Cage Monitoring: An Evaluation of Tracking and
  Identification Strategies for Laboratory Mice","Juan Pablo Oberhauser, Daniel Grzenda","http://arxiv.org/abs/2507.07929v1","2025-07-10T17:09:14Z","Research Paper","Academic Use","Unknown","arXiv","Unknown","Unknown",Text Generation,"2025-07-11T03:14:50.782Z"\n"Phase Stability and Transformations in Lead Mixed Halide Perovskites
  from Machine Learning Force Fields","Xia Liang, Johan Klarbring, Aron Walsh","http://arxiv.org/abs/2507.07926v1","2025-07-10T17:07:31Z","Research Paper","Academic Use","Unknown","arXiv","Unknown","Unknown",Text Generation,"2025-07-11T03:14:50.782Z"\n"The Trust Fabric: Decentralized Interoperability and Economic
  Coordination for the Agentic Web","Sree Bhargavi Balija, Rekha Singal, Abhishek Singh, Ramesh Raskar, Erfan Darzi, Raghu Bala, Thomas Hardjono, Ken Huang","http://arxiv.org/abs/2507.07901v1","2025-07-10T16:33:06Z","Research Paper","Academic Use","Unknown","arXiv","Unknown","Unknown",Text Generation,"2025-07-11T03:14:50.782Z"\n"UnIT: Scalable Unstructured Inference-Time Pruning for MAC-efficient
  Neural Inference on MCUs","Ashe Neth, Sawinder kaur, Mohammad Nur Hossain Khan, Subrata Biswas, Asif Salekin, Bashima Islam","http://arxiv.org/abs/2507.07885v1","2025-07-10T16:12:06Z","Research Paper","Academic Use","Unknown","arXiv","Unknown","Unknown",Text Generation,"2025-07-11T03:14:50.782Z"\n"Opting Out of Generative AI: a Behavioral Experiment on the Role of
  Education in Perplexity AI Avoidance","Roberto Ulloa, Juhi Kulshrestha, Celina Kacperski","http://arxiv.org/abs/2507.07881v1","2025-07-10T16:05:11Z","Research Paper","Academic Use","Unknown","arXiv","Unknown","Unknown",Text Generation,"2025-07-11T03:14:50.782Z"\n"LISTEN: Lightweight Industrial Sound-representable Transformer for Edge
  Notification","Changheon Han, Yun Seok Kang, Yuseop Sim, Martin Byung-Guk Jun, Hyung Wook Park","http://arxiv.org/abs/2507.07879v1","2025-07-10T16:02:50Z","Research Paper","Academic Use","Unknown","arXiv","Unknown","Unknown",Text Generation,"2025-07-11T03:14:50.783Z"\n"Re-Bottleneck: Latent Re-Structuring for Neural Audio Autoencoders","Dimitrios Bralios, Jonah Casebeer, Paris Smaragdis","http://arxiv.org/abs/2507.07867v1","2025-07-10T15:47:43Z","Research Paper","Academic Use","Unknown","arXiv","Unknown","Unknown",Code Generation,"2025-07-11T03:14:50.783Z"\n"Mid-IR hyperspectral imaging with undetected photons","Marlon Placke, Chiara Lindner, Felix Mann, Inna Kviatkovsky, Helen M. Chrzanowski, Hendrik Bartolomaeus, Frank Kühnemann, Sven Ramelow","http://arxiv.org/abs/2507.07861v1","2025-07-10T15:41:51Z","Research Paper","Academic Use","Unknown","arXiv","Unknown","Unknown",Text Generation,"2025-07-11T03:14:50.783Z"\n"From Ambiguity to Accuracy: The Transformative Effect of Coreference
  Resolution on Retrieval-Augmented Generation systems","Youngjoon Jang, Seongtae Hong, Junyoung Son, Sungjin Park, Chanjun Park, Heuiseok Lim","http://arxiv.org/abs/2507.07847v1","2025-07-10T15:26:59Z","Research Paper","Academic Use","Unknown","arXiv","Unknown","Unknown",Text Generation,"2025-07-11T03:14:50.783Z"\n"Machine Learning Tools for the IceCube-Gen2 Optical Array","Francisco Javier Vara Carbonell, Jonas Selter","http://arxiv.org/abs/2507.07844v1","2025-07-10T15:21:34Z","Research Paper","Academic Use","Unknown","arXiv","Unknown","Unknown",Text Generation,"2025-07-11T03:14:50.783Z"\n"Rethinking Query-based Transformer for Continual Image Segmentation","Yuchen Zhu, Cheng Shi, Dingyou Wang, Jiajin Tang, Zhengxuan Wei, Yu Wu, Guanbin Li, Sibei Yang","http://arxiv.org/abs/2507.07831v1","2025-07-10T15:03:10Z","Research Paper","Academic Use","Unknown","arXiv","Unknown","Unknown",Vision,"2025-07-11T03:14:50.783Z"\n"A fast algorithm for the wave equation using time-windowed Fourier
  projection","Nour G. Al Hassanieh, Alex H. Barnett, Leslie Greengard","http://arxiv.org/abs/2507.07823v1","2025-07-10T14:53:48Z","Research Paper","Academic Use","Unknown","arXiv","Unknown","Unknown",Text Generation,"2025-07-11T03:14:50.783Z"\n"Pay Attention to Attention Distribution: A New Local Lipschitz Bound for
  Transformers","Nikolay Yudin, Alexander Gaponov, Sergei Kudriashov, Maxim Rakhuba","http://arxiv.org/abs/2507.07814v1","2025-07-10T14:45:31Z","Research Paper","Academic Use","Unknown","arXiv","Unknown","Unknown",Text Generation,"2025-07-11T03:14:50.783Z"\n"MIRIX: Multi-Agent Memory System for LLM-Based Agents","Yu Wang, Xi Chen","http://arxiv.org/abs/2507.07957v1","2025-07-10T17:40:11Z","Research Paper","Academic Use","Unknown","arXiv","Unknown","Unknown",Text Generation,"2025-07-11T03:14:50.783Z"\n"Can Large Language Models Improve Phishing Defense? A Large-Scale
  Controlled Experiment on Warning Dialogue Explanations","Federico Maria Cau, Giuseppe Desolda, Francesco Greco, Lucio Davide Spano, Luca Viganò","http://arxiv.org/abs/2507.07916v1","2025-07-10T16:54:05Z","Research Paper","Academic Use","Unknown","arXiv","Unknown","Unknown",Text Generation,"2025-07-11T03:14:50.783Z"\n"DTECT: Dynamic Topic Explorer & Context Tracker","Suman Adhya, Debarshi Kumar Sanyal","http://arxiv.org/abs/2507.07910v1","2025-07-10T16:44:33Z","Research Paper","Academic Use","Unknown","arXiv","Unknown","Unknown",Text Generation,"2025-07-11T03:14:50.783Z"\n"Agentic Retrieval of Topics and Insights from Earnings Calls","Anant Gupta, Rajarshi Bhowmik, Geoffrey Gunow","http://arxiv.org/abs/2507.07906v1","2025-07-10T16:38:59Z","Research Paper","Academic Use","Unknown","arXiv","Unknown","Unknown",Text Generation,"2025-07-11T03:14:50.784Z"\n"Automating MD simulations for Proteins using Large language Models:
  NAMD-Agent","Achuth Chandrasekhar, Amir Barati Farimani","http://arxiv.org/abs/2507.07887v1","2025-07-10T16:17:40Z","Research Paper","Academic Use","Unknown","arXiv","Unknown","Unknown",Text Generation,"2025-07-11T03:14:50.784Z"\n"Edge-ASR: Towards Low-Bit Quantization of Automatic Speech Recognition
  Models","Chen Feng, Yicheng Lin, Shaojie Zhuo, Chenzheng Su, Ramchalam Kinattinkara Ramakrishnan, Zhaocong Yuan, Xiaopeng Zhang","http://arxiv.org/abs/2507.07877v1","2025-07-10T16:00:27Z","Research Paper","Academic Use","Unknown","arXiv","Unknown","Unknown",Text Generation,"2025-07-11T03:14:50.784Z"\n"DocCHA: Towards LLM-Augmented Interactive Online diagnosis System","Xinyi Liu, Dachun Sun, Yi R. Fung, Dilek Hakkani-Tür, Tarek Abdelzaher","http://arxiv.org/abs/2507.07870v1","2025-07-10T15:52:04Z","Research Paper","Academic Use","Unknown","arXiv","Unknown","Unknown",Text Generation,"2025-07-11T03:14:50.784Z"\n"MoSE: Skill-by-Skill Mixture-of-Expert Learning for Autonomous Driving","Lu Xu, Jiaqian Yu, Xiongfeng Peng, Yiwei Chen, Weiming Li, Jaewook Yoo, Sunghyun Chunag, Dongwook Lee, Daehyun Ji, Chao Zhang","http://arxiv.org/abs/2507.07818v1","2025-07-10T14:48:08Z","Research Paper","Academic Use","Unknown","arXiv","Unknown","Unknown",Text Generation,"2025-07-11T03:14:50.784Z"\n"Understanding and Controlling Repetition Neurons and Induction Heads in
  In-Context Learning","Nhi Hoai Doan, Tatsuya Hiraoka, Kentaro Inui","http://arxiv.org/abs/2507.07810v1","2025-07-10T14:40:31Z","Research Paper","Academic Use","Unknown","arXiv","Unknown","Unknown",Text Generation,"2025-07-11T03:14:50.784Z"\n"Measuring AI Alignment with Human Flourishing","Elizabeth Hilliard, Akshaya Jagadeesh, Alex Cook, Steele Billings, Nicholas Skytland, Alicia Llewellyn, Jackson Paull, Nathan Paull, Nolan Kurylo, Keatra Nesbitt, Robert Gruenewald, Anthony Jantzi, Omar Chavez","http://arxiv.org/abs/2507.07787v1","2025-07-10T14:09:53Z","Research Paper","Academic Use","Unknown","arXiv","Unknown","Unknown",Text Generation,"2025-07-11T03:14:50.784Z"\n"SURPRISE3D: A Dataset for Spatial Understanding and Reasoning in Complex
  3D Scenes","Jiaxin Huang, Ziwen Li, Hanlve Zhang, Runnan Chen, Xiao He, Yandong Guo, Wenping Wang, Tongliang Liu, Mingming Gong","http://arxiv.org/abs/2507.07781v1","2025-07-10T14:01:24Z","Research Paper","Academic Use","Unknown","arXiv","Unknown","Unknown",Text Generation,"2025-07-11T03:14:50.784Z"\n"Structured Prompts, Better Outcomes? Exploring the Effects of a
  Structured Interface with ChatGPT in a Graduate Robotics Course","Jerome Brender, Laila El-Hamamsy, Kim Uittenhove, Francesco Mondada, Engin Bumbacher","http://arxiv.org/abs/2507.07767v1","2025-07-10T13:50:07Z","Research Paper","Academic Use","Unknown","arXiv","Unknown","Unknown",Conversational,"2025-07-11T03:14:50.784Z"\n"When Large Language Models Meet Law: Dual-Lens Taxonomy, Technical
  Advances, and Ethical Governance","Peizhang Shao, Linrui Xu, Jinxi Wang, Wei Zhou, Xingyu Wu","http://arxiv.org/abs/2507.07748v1","2025-07-10T13:26:34Z","Research Paper","Academic Use","Unknown","arXiv","Unknown","Unknown",Text Generation,"2025-07-11T03:14:50.784Z"